{
  "account_age_bin": {
    "1-3m": 0.024234868358687857,
    "1-7d": 0.0035062632703940313,
    "1w-1m": 0.011332675485911495,
    "3m-1y": 0.09193923012208709,
    "<1d": 0.006830210597037353,
    ">1y": 0.8621567520658822
  },
  "subscriber_bin": {
    "0": 0.27248829329506613,
    "1-100": 0.595627837212041,
    "101-1k": 0.10535575922074505,
    "10k-100k": 0.0030538027253483938,
    "1k-10k": 0.02229213498221592,
    ">100k": 0.0011821724645835513
  },
  "profile_complete_bin": {
    "High": 0.06524364580316652,
    "Low": 0.6417524479210805,
    "Medium": 0.293003906175753,
    "None": 0.0
  },
  "time_of_day": {
    "Afternoon (12-18)": 0.34040301473200524,
    "Evening (18-24)": 0.266478379437606,
    "Morning (6-12)": 0.16393117785527822,
    "Night (0-6)": 0.22918742787511062
  },
  "is_duplicate": {
    "0": 0.9999999999
  },
  "comments_per_video_bin": {
    "1": 0.878580911800556,
    "2-3": 0.09932994481845206,
    "4-5": 0.010507422367978393,
    "6-10": 0.007794299986803554,
    ">10": 0.0037874209262100766
  }
}